<?xml version="1.0" encoding="iso-8859-1"?>
<items>
<playlist_name><![CDATA[Megadede]]></playlist_name>

<channel>       
<title><![CDATA[Buscar]]></title>
<logo_30x30></logo_30x30>
<description><![CDATA[<img src="http://ps3plusteam.ddns.net/ps3plus/images/letras/buscar.png">Busca peliculas y series!]]></description>
<playlist_url><![CDATA[https://raw.githubusercontent.com/losperdidos1212/1313/master/HMStream.xml]]></playlist_url>
<buffer_kb>30000</buffer_kb>
<ts_stream><![CDATA[0]]></ts_stream>
<tipo><![CDATA[megadedeBusca]]></tipo>
</channel>

<channel>       
<title><![CDATA[Navegar en Estrenos]]></title>
<logo_30x30></logo_30x30>
<description><![CDATA[<img src="http://ps3plusteam.ddns.net/ps3plus/images/letras/taquis.jpg">Peliculas de Estreno]]></description>
<playlist_url><![CDATA[https://raw.githubusercontent.com/losperdidos1212/1313/master/HMStream.xml]]></playlist_url>
<buffer_kb>30000</buffer_kb>
<ts_stream><![CDATA[0]]></ts_stream>
<tipo><![CDATA[megadedeEstrenos]]></tipo>
</channel>

<channel>       
<title><![CDATA[Navegar en Peliculas]]></title>
<logo_30x30></logo_30x30>
<description><![CDATA[<img src="http://ps3plusteam.ddns.net/ps3plus/images/letras/taquis.jpg">Todo tipo de peliculas aleatorias]]></description>
<playlist_url><![CDATA[https://raw.githubusercontent.com/losperdidos1212/1313/master/HMStream.xml]]></playlist_url>
<buffer_kb>30000</buffer_kb>
<ts_stream><![CDATA[0]]></ts_stream>
<tipo><![CDATA[megadedePelis]]></tipo>
</channel>

<channel>       
<title><![CDATA[Navegar en Series]]></title>
<logo_30x30></logo_30x30>
<description><![CDATA[<img src="http://ps3plusteam.ddns.net/ps3plus/images/letras/taquis.jpg">Todas las Series]]></description>
<playlist_url><![CDATA[https://raw.githubusercontent.com/losperdidos1212/1313/master/HMStream.xml]]></playlist_url>
<buffer_kb>30000</buffer_kb>
<ts_stream><![CDATA[0]]></ts_stream>
<tipo><![CDATA[megadedeSeries]]></tipo>
</channel>










<prev_page_url text="CH- ATRAS"><![CDATA[archivostv.xml]]></prev_page_url>

</items>
