<?xml version="1.0" encoding="iso-8859-1"?>
<items>
<playlist_name><![CDATA[STREAM-TV]]></playlist_name>

<channel>       
<title><![CDATA[Estrenos]]></title>
<logo_30x30></logo_30x30>
<description><![CDATA[<img src="https://u277395196.dl.dropboxusercontent.com/u/277395196/portada.png">Portal Dedicado Al Streaming De Peliculas Y Series De Alta Calidad]]></description>
<playlist_url><![CDATA[https://raw.githubusercontent.com/losperdidos1212/1313/master/HMStream.xml]]></playlist_url>
<buffer_kb>30000</buffer_kb>
<tipo><![CDATA[scraper]]></tipo>
</channel>

<channel>       
<title><![CDATA[Series]]></title>
<logo_30x30></logo_30x30>
<description><![CDATA[<img src="https://u277395196.dl.dropboxusercontent.com/u/277395196/portada.png">Portal Dedicado Al Streaming De Peliculas Y Series De Alta Calidad]]></description>
<playlist_url><![CDATA[https://raw.githubusercontent.com/losperdidos1212/1313/master/HMStream.xml]]></playlist_url>
<buffer_kb>30000</buffer_kb>
<tipo><![CDATA[scraper]]></tipo>
</channel>










<prev_page_url text="CH- ATRAS"><![CDATA[archivostv.xml]]></prev_page_url>

</items>
