<?xml version="1.0" encoding="iso-8859-1"?>
<items>
<playlist_name><![CDATA[Series A-Z]]></playlist_name>

<channel>
    <title><![CDATA[#]]></title>
    <description><![CDATA[<img src="http://ps3plusteam.ddns.net/ps3plus/images/letras/#.png">]]>Series que empiezan por la letra #</description>
    <playlist_url><![CDATA[https://hdfull.io/series/abc/#]]></playlist_url>
    <img_src><![CDATA[http://ps3plusteam.ddns.net/ps3plus/images/letras/#.png]]></img_src>
    <tipo><![CDATA[hdfullAZ]]></tipo>
    <historial><![CDATA[/cosas/Series_AZ_HDFULL.xml]]></historial>
</channel>

<channel>
    <title><![CDATA[A]]></title>
    <description><![CDATA[<img src="http://ps3plusteam.ddns.net/ps3plus/images/letras/A.png">]]>Series que empiezan por la letra A</description>
    <playlist_url><![CDATA[https://hdfull.io/series/abc/A]]></playlist_url>
    <img_src><![CDATA[http://ps3plusteam.ddns.net/ps3plus/images/letras/A.png]]></img_src>
    <tipo><![CDATA[hdfullAZ]]></tipo>
    <historial><![CDATA[/cosas/Series_AZ_HDFULL.xml]]></historial>
</channel>

<channel>
    <title><![CDATA[B]]></title>
    <description><![CDATA[<img src="http://ps3plusteam.ddns.net/ps3plus/images/letras/B.png">]]>Series que empiezan por la letra B</description>
    <playlist_url><![CDATA[https://hdfull.io/series/abc/B]]></playlist_url>
    <img_src><![CDATA[http://ps3plusteam.ddns.net/ps3plus/images/letras/B.png]]></img_src>
    <tipo><![CDATA[hdfullAZ]]></tipo>
    <historial><![CDATA[/cosas/Series_AZ_HDFULL.xml]]></historial>
</channel>

<channel>
    <title><![CDATA[C]]></title>
    <description><![CDATA[<img src="http://ps3plusteam.ddns.net/ps3plus/images/letras/C.png">]]>Series que empiezan por la letra C</description>
    <playlist_url><![CDATA[https://hdfull.io/series/abc/C]]></playlist_url>
    <img_src><![CDATA[http://ps3plusteam.ddns.net/ps3plus/images/letras/C.png]]></img_src>
    <tipo><![CDATA[hdfullAZ]]></tipo>
    <historial><![CDATA[/cosas/Series_AZ_HDFULL.xml]]></historial>
</channel>

<channel>
    <title><![CDATA[D]]></title>
    <description><![CDATA[<img src="http://ps3plusteam.ddns.net/ps3plus/images/letras/D.png">]]>Series que empiezan por la letra D</description>
    <playlist_url><![CDATA[https://hdfull.io/series/abc/D]]></playlist_url>
    <img_src><![CDATA[http://ps3plusteam.ddns.net/ps3plus/images/letras/D.png]]></img_src>
    <tipo><![CDATA[hdfullAZ]]></tipo>
    <historial><![CDATA[/cosas/Series_AZ_HDFULL.xml]]></historial>
</channel>

<channel>
    <title><![CDATA[E]]></title>
    <description><![CDATA[<img src="http://ps3plusteam.ddns.net/ps3plus/images/letras/E.png">]]>Series que empiezan por la letra E</description>
    <playlist_url><![CDATA[https://hdfull.io/series/abc/E]]></playlist_url>
    <img_src><![CDATA[http://ps3plusteam.ddns.net/ps3plus/images/letras/E.png]]></img_src>
    <tipo><![CDATA[hdfullAZ]]></tipo>
    <historial><![CDATA[/cosas/Series_AZ_HDFULL.xml]]></historial>
</channel>

<channel>
    <title><![CDATA[F]]></title>
    <description><![CDATA[<img src="http://ps3plusteam.ddns.net/ps3plus/images/letras/F.png">]]>Series que empiezan por la letra F</description>
    <playlist_url><![CDATA[https://hdfull.io/series/abc/F]]></playlist_url>
    <img_src><![CDATA[http://ps3plusteam.ddns.net/ps3plus/images/letras/F.png]]></img_src>
    <tipo><![CDATA[hdfullAZ]]></tipo>
    <historial><![CDATA[/cosas/Series_AZ_HDFULL.xml]]></historial>
</channel>

<channel>
    <title><![CDATA[G]]></title>
    <description><![CDATA[<img src="http://ps3plusteam.ddns.net/ps3plus/images/letras/G.png">]]>Series que empiezan por la letra G</description>
    <playlist_url><![CDATA[https://hdfull.io/series/abc/G]]></playlist_url>
    <img_src><![CDATA[http://ps3plusteam.ddns.net/ps3plus/images/letras/G.png]]></img_src>
    <tipo><![CDATA[hdfullAZ]]></tipo>
    <historial><![CDATA[/cosas/Series_AZ_HDFULL.xml]]></historial>
</channel>

<channel>
    <title><![CDATA[H]]></title>
    <description><![CDATA[<img src="http://ps3plusteam.ddns.net/ps3plus/images/letras/H.png">]]>Series que empiezan por la letra H</description>
    <playlist_url><![CDATA[https://hdfull.io/series/abc/H]]></playlist_url>
    <img_src><![CDATA[http://ps3plusteam.ddns.net/ps3plus/images/letras/H.png]]></img_src>
    <tipo><![CDATA[hdfullAZ]]></tipo>
    <historial><![CDATA[/cosas/Series_AZ_HDFULL.xml]]></historial>
</channel>

<channel>
    <title><![CDATA[I]]></title>
    <description><![CDATA[<img src="http://ps3plusteam.ddns.net/ps3plus/images/letras/I.png">]]>Series que empiezan por la letra I</description>
    <playlist_url><![CDATA[https://hdfull.io/series/abc/I]]></playlist_url>
    <img_src><![CDATA[http://ps3plusteam.ddns.net/ps3plus/images/letras/I.png]]></img_src>
    <tipo><![CDATA[hdfullAZ]]></tipo>
    <historial><![CDATA[/cosas/Series_AZ_HDFULL.xml]]></historial>
</channel>

<channel>
    <title><![CDATA[J]]></title>
    <description><![CDATA[<img src="http://ps3plusteam.ddns.net/ps3plus/images/letras/J.png">]]>Series que empiezan por la letra J</description>
    <playlist_url><![CDATA[https://hdfull.io/series/abc/J]]></playlist_url>
    <img_src><![CDATA[http://ps3plusteam.ddns.net/ps3plus/images/letras/J.png]]></img_src>
    <tipo><![CDATA[hdfullAZ]]></tipo>
    <historial><![CDATA[/cosas/Series_AZ_HDFULL.xml]]></historial>
</channel>

<channel>
    <title><![CDATA[K]]></title>
    <description><![CDATA[<img src="http://ps3plusteam.ddns.net/ps3plus/images/letras/K.png">]]>Series que empiezan por la letra K</description>
    <playlist_url><![CDATA[https://hdfull.io/series/abc/K]]></playlist_url>
    <img_src><![CDATA[http://ps3plusteam.ddns.net/ps3plus/images/letras/K.png]]></img_src>
    <tipo><![CDATA[hdfullAZ]]></tipo>
    <historial><![CDATA[/cosas/Series_AZ_HDFULL.xml]]></historial>
</channel>

<channel>
    <title><![CDATA[L]]></title>
    <description><![CDATA[<img src="http://ps3plusteam.ddns.net/ps3plus/images/letras/L.png">]]>Series que empiezan por la letra L</description>
    <playlist_url><![CDATA[https://hdfull.io/series/abc/L]]></playlist_url>
    <img_src><![CDATA[http://ps3plusteam.ddns.net/ps3plus/images/letras/L.png]]></img_src>
    <tipo><![CDATA[hdfullAZ]]></tipo>
    <historial><![CDATA[/cosas/Series_AZ_HDFULL.xml]]></historial>
</channel>

<channel>
    <title><![CDATA[M]]></title>
    <description><![CDATA[<img src="http://ps3plusteam.ddns.net/ps3plus/images/letras/M.png">]]>Series que empiezan por la letra M</description>
    <playlist_url><![CDATA[https://hdfull.io/series/abc/M]]></playlist_url>
    <img_src><![CDATA[http://ps3plusteam.ddns.net/ps3plus/images/letras/M.png]]></img_src>
    <tipo><![CDATA[hdfullAZ]]></tipo>
    <historial><![CDATA[/cosas/Series_AZ_HDFULL.xml]]></historial>
</channel>

<channel>
    <title><![CDATA[N]]></title>
    <description><![CDATA[<img src="http://ps3plusteam.ddns.net/ps3plus/images/letras/N.png">]]>Series que empiezan por la letra N</description>
    <playlist_url><![CDATA[https://hdfull.io/series/abc/N]]></playlist_url>
    <img_src><![CDATA[http://ps3plusteam.ddns.net/ps3plus/images/letras/N.png]]></img_src>
    <tipo><![CDATA[hdfullAZ]]></tipo>
    <historial><![CDATA[/cosas/Series_AZ_HDFULL.xml]]></historial>
</channel>

<channel>
    <title><![CDATA[O]]></title>
    <description><![CDATA[<img src="http://ps3plusteam.ddns.net/ps3plus/images/letras/O.png">]]>Series que empiezan por la letra O</description>
    <playlist_url><![CDATA[https://hdfull.io/series/abc/O]]></playlist_url>
    <img_src><![CDATA[http://ps3plusteam.ddns.net/ps3plus/images/letras/O.png]]></img_src>
    <tipo><![CDATA[hdfullAZ]]></tipo>
    <historial><![CDATA[/cosas/Series_AZ_HDFULL.xml]]></historial>
</channel>

<channel>
    <title><![CDATA[P]]></title>
    <description><![CDATA[<img src="http://ps3plusteam.ddns.net/ps3plus/images/letras/P.png">]]>Series que empiezan por la letra P</description>
    <playlist_url><![CDATA[https://hdfull.io/series/abc/P]]></playlist_url>
    <img_src><![CDATA[http://ps3plusteam.ddns.net/ps3plus/images/letras/P.png]]></img_src>
    <tipo><![CDATA[hdfullAZ]]></tipo>
    <historial><![CDATA[/cosas/Series_AZ_HDFULL.xml]]></historial>
</channel>

<channel>
    <title><![CDATA[Q]]></title>
    <description><![CDATA[<img src="http://ps3plusteam.ddns.net/ps3plus/images/letras/Q.png">]]>Series que empiezan por la letra Q</description>
    <playlist_url><![CDATA[https://hdfull.io/series/abc/Q]]></playlist_url>
    <img_src><![CDATA[http://ps3plusteam.ddns.net/ps3plus/images/letras/Q.png]]></img_src>
    <tipo><![CDATA[hdfullAZ]]></tipo>
    <historial><![CDATA[/cosas/Series_AZ_HDFULL.xml]]></historial>
</channel>

<channel>
    <title><![CDATA[R]]></title>
    <description><![CDATA[<img src="http://ps3plusteam.ddns.net/ps3plus/images/letras/R.png">]]>Series que empiezan por la letra R</description>
    <playlist_url><![CDATA[https://hdfull.io/series/abc/R]]></playlist_url>
    <img_src><![CDATA[http://ps3plusteam.ddns.net/ps3plus/images/letras/R.png]]></img_src>
    <tipo><![CDATA[hdfullAZ]]></tipo>
    <historial><![CDATA[/cosas/Series_AZ_HDFULL.xml]]></historial>
</channel>

<channel>
    <title><![CDATA[S]]></title>
    <description><![CDATA[<img src="http://ps3plusteam.ddns.net/ps3plus/images/letras/S.png">]]>Series que empiezan por la letra S</description>
    <playlist_url><![CDATA[https://hdfull.io/series/abc/S]]></playlist_url>
    <img_src><![CDATA[http://ps3plusteam.ddns.net/ps3plus/images/letras/S.png]]></img_src>
    <tipo><![CDATA[hdfullAZ]]></tipo>
    <historial><![CDATA[/cosas/Series_AZ_HDFULL.xml]]></historial>
</channel>

<channel>
    <title><![CDATA[T]]></title>
    <description><![CDATA[<img src="http://ps3plusteam.ddns.net/ps3plus/images/letras/T.png">]]>Series que empiezan por la letra T</description>
    <playlist_url><![CDATA[https://hdfull.io/series/abc/T]]></playlist_url>
    <img_src><![CDATA[http://ps3plusteam.ddns.net/ps3plus/images/letras/T.png]]></img_src>
    <tipo><![CDATA[hdfullAZ]]></tipo>
    <historial><![CDATA[/cosas/Series_AZ_HDFULL.xml]]></historial>
</channel>

<channel>
    <title><![CDATA[U]]></title>
    <description><![CDATA[<img src="http://ps3plusteam.ddns.net/ps3plus/images/letras/U.png">]]>Series que empiezan por la letra U</description>
    <playlist_url><![CDATA[https://hdfull.io/series/abc/U]]></playlist_url>
    <img_src><![CDATA[http://ps3plusteam.ddns.net/ps3plus/images/letras/U.png]]></img_src>
    <tipo><![CDATA[hdfullAZ]]></tipo>
    <historial><![CDATA[/cosas/Series_AZ_HDFULL.xml]]></historial>
</channel>

<channel>
    <title><![CDATA[V]]></title>
    <description><![CDATA[<img src="http://ps3plusteam.ddns.net/ps3plus/images/letras/V.png">]]>Series que empiezan por la letra V</description>
    <playlist_url><![CDATA[https://hdfull.io/series/abc/V]]></playlist_url>
    <img_src><![CDATA[http://ps3plusteam.ddns.net/ps3plus/images/letras/V.png]]></img_src>
    <tipo><![CDATA[hdfullAZ]]></tipo>
    <historial><![CDATA[/cosas/Series_AZ_HDFULL.xml]]></historial>
</channel>

<channel>
    <title><![CDATA[W]]></title>
    <description><![CDATA[<img src="http://ps3plusteam.ddns.net/ps3plus/images/letras/W.png">]]>Series que empiezan por la letra W</description>
    <playlist_url><![CDATA[https://hdfull.io/series/abc/W]]></playlist_url>
    <img_src><![CDATA[http://ps3plusteam.ddns.net/ps3plus/images/letras/W.png]]></img_src>
    <tipo><![CDATA[hdfullAZ]]></tipo>
    <historial><![CDATA[/cosas/Series_AZ_HDFULL.xml]]></historial>
</channel>

<channel>
    <title><![CDATA[X]]></title>
    <description><![CDATA[<img src="http://ps3plusteam.ddns.net/ps3plus/images/letras/X.png">]]>Series que empiezan por la letra X</description>
    <playlist_url><![CDATA[https://hdfull.io/series/abc/X]]></playlist_url>
    <img_src><![CDATA[http://ps3plusteam.ddns.net/ps3plus/images/letras/X.png]]></img_src>
    <tipo><![CDATA[hdfullAZ]]></tipo>
    <historial><![CDATA[/cosas/Series_AZ_HDFULL.xml]]></historial>
</channel>

<channel>
    <title><![CDATA[Y]]></title>
    <description><![CDATA[<img src="http://ps3plusteam.ddns.net/ps3plus/images/letras/Y.png">]]>Series que empiezan por la letra Y</description>
    <playlist_url><![CDATA[https://hdfull.io/series/abc/Y]]></playlist_url>
    <img_src><![CDATA[http://ps3plusteam.ddns.net/ps3plus/images/letras/Y.png]]></img_src>
    <tipo><![CDATA[hdfullAZ]]></tipo>
    <historial><![CDATA[/cosas/Series_AZ_HDFULL.xml]]></historial>
</channel>

<channel>
    <title><![CDATA[Z]]></title>
    <description><![CDATA[<img src="http://ps3plusteam.ddns.net/ps3plus/images/letras/Z.png">]]>Series que empiezan por la letra Z</description>
    <playlist_url><![CDATA[https://hdfull.io/series/abc/Z]]></playlist_url>
    <img_src><![CDATA[http://ps3plusteam.ddns.net/ps3plus/images/letras/Z.png]]></img_src>
    <tipo><![CDATA[hdfullAZ]]></tipo>
    <historial><![CDATA[/cosas/Series_AZ_HDFULL.xml]]></historial>
</channel>








<prev_page_url text="CH- ATRAS"><![CDATA[/cosas/hdfull.xml]]></prev_page_url>

</items>